Original Node,New Node
0,Node1
1582,Node2
3164,Node3
4746,Node4
6328,Node5
7910,Node6
9492,Node7
11074,Node8
12656,Node9
14238,Node10
15820,Node11
17402,Node12
18984,Node13
20566,Node14
22148,Node15
23730,Node16
25312,Node17
26894,Node18
28476,Node19
30058,Node20
31640,Node21
33222,Node22
34804,Node23
36386,Node24
37968,Node25
39550,Node26
41132,Node27
42714,Node28
44296,Node29
45878,Node30
47460,Node31
49042,Node32
50624,Node33
52206,Node34
53788,Node35
55370,Node36
56952,Node37
58534,Node38
60116,Node39
61698,Node40
63280,Node41
64862,Node42
66444,Node43
68026,Node44
69608,Node45
71190,Node46
72772,Node47
74354,Node48
75936,Node49
77518,Node50
79100,Node51
80682,Node52
82264,Node53
83846,Node54
85428,Node55
87010,Node56
88592,Node57
90174,Node58
91756,Node59
93338,Node60
94920,Node61
96502,Node62
98084,Node63
99666,Node64
101248,Node65
102830,Node66
104412,Node67
105994,Node68
107576,Node69
109158,Node70
110740,Node71
112322,Node72
113904,Node73
115486,Node74
117068,Node75
118650,Node76
120232,Node77
121814,Node78
123396,Node79
124978,Node80
126560,Node81
128142,Node82
129724,Node83
131306,Node84
132888,Node85
134470,Node86
136052,Node87
137634,Node88
139216,Node89
140798,Node90
142380,Node91
143962,Node92
145544,Node93
147126,Node94
148708,Node95
150290,Node96
151872,Node97
153454,Node98
155036,Node99
156618,Node100
158200,Node101
159782,Node102
161364,Node103
162946,Node104
164528,Node105
166110,Node106
167692,Node107
169274,Node108
170856,Node109
172438,Node110
174020,Node111
175602,Node112
177184,Node113
178766,Node114
180348,Node115
181930,Node116
183512,Node117
185094,Node118
186676,Node119
188258,Node120
189840,Node121
191422,Node122
193004,Node123
194586,Node124
196168,Node125
197750,Node126
199332,Node127
200914,Node128
202496,Node129
204078,Node130
205660,Node131
207242,Node132
208824,Node133
210406,Node134
211988,Node135
213570,Node136
215152,Node137
216734,Node138
218316,Node139
219898,Node140
221480,Node141
223062,Node142
224644,Node143
226226,Node144
227808,Node145
229390,Node146
230972,Node147
232554,Node148
234136,Node149
235718,Node150
237300,Node151
238882,Node152
240464,Node153
242046,Node154
243628,Node155
245210,Node156
246792,Node157
248374,Node158
249956,Node159
251538,Node160
253120,Node161
254702,Node162
256284,Node163
257866,Node164
259448,Node165
261030,Node166
262612,Node167
264194,Node168
265776,Node169
267358,Node170
268940,Node171
270522,Node172
272104,Node173
273686,Node174
275268,Node175
276850,Node176
278432,Node177
280014,Node178
281596,Node179
283178,Node180
284760,Node181
286342,Node182
287924,Node183
289506,Node184
291088,Node185
292670,Node186
294252,Node187
295834,Node188
297416,Node189
298998,Node190
300580,Node191
302162,Node192
303744,Node193
305326,Node194
306908,Node195
308490,Node196
310072,Node197
311654,Node198
313236,Node199
314818,Node200
316400,Node201
317982,Node202
319564,Node203
321146,Node204
322728,Node205
324310,Node206
325892,Node207
327474,Node208
329056,Node209
330638,Node210
332220,Node211
333802,Node212
335384,Node213
336966,Node214
338548,Node215
340130,Node216
341712,Node217
343294,Node218
344876,Node219
346458,Node220
348040,Node221
349622,Node222
351204,Node223
352786,Node224
354368,Node225
355950,Node226
357532,Node227
359114,Node228
360696,Node229
362278,Node230
363860,Node231
365442,Node232
367024,Node233
368606,Node234
370188,Node235
371770,Node236
373352,Node237
374934,Node238
376516,Node239
378098,Node240
379680,Node241
381262,Node242
382844,Node243
384426,Node244
386008,Node245
387590,Node246
389172,Node247
390754,Node248
392336,Node249
393918,Node250
395500,Node251
397082,Node252
398664,Node253
400246,Node254
401828,Node255
403410,Node256
404992,Node257
406574,Node258
408156,Node259
409738,Node260
411320,Node261
412902,Node262
414484,Node263
416066,Node264
417648,Node265
419230,Node266
420812,Node267
422394,Node268
423976,Node269
425558,Node270
427140,Node271
428722,Node272
430304,Node273
431886,Node274
433468,Node275
435050,Node276
436632,Node277
438214,Node278
439796,Node279
441378,Node280
442960,Node281
444542,Node282
446124,Node283
447706,Node284
449288,Node285
450870,Node286
452452,Node287
454034,Node288
455616,Node289
457198,Node290
458780,Node291
460362,Node292
461944,Node293
463526,Node294
465108,Node295
466690,Node296
468272,Node297
469854,Node298
471436,Node299
473018,Node300
474600,Node301
476182,Node302
477764,Node303
479346,Node304
480928,Node305
482510,Node306
484092,Node307
485674,Node308
487256,Node309
488838,Node310
490420,Node311
492002,Node312
493584,Node313
495166,Node314
496748,Node315
498330,Node316
499912,Node317
501494,Node318
503076,Node319
504658,Node320
506240,Node321
507822,Node322
509404,Node323
510986,Node324
512568,Node325
514150,Node326
515732,Node327
517314,Node328
518896,Node329
520478,Node330
522060,Node331
523642,Node332
525224,Node333
526806,Node334
528388,Node335
529970,Node336
531552,Node337
533134,Node338
534716,Node339
536298,Node340
537880,Node341
539462,Node342
541044,Node343
542626,Node344
544208,Node345
545790,Node346
547372,Node347
548954,Node348
550536,Node349
552118,Node350
553700,Node351
555282,Node352
556864,Node353
558446,Node354
560028,Node355
561610,Node356
563192,Node357
564774,Node358
566356,Node359
567938,Node360
569520,Node361
571102,Node362
572684,Node363
574266,Node364
575848,Node365
577430,Node366
579012,Node367
580594,Node368
582176,Node369
583758,Node370
585340,Node371
586922,Node372
588504,Node373
590086,Node374
591668,Node375
593250,Node376
594832,Node377
596414,Node378
597996,Node379
599578,Node380
601160,Node381
602742,Node382
604324,Node383
605906,Node384
607488,Node385
609070,Node386
610652,Node387
612234,Node388
613816,Node389
615398,Node390
616980,Node391
618562,Node392
620144,Node393
621726,Node394
623308,Node395
624890,Node396
626472,Node397
628054,Node398
629636,Node399
631218,Node400
632800,Node401
634382,Node402
635964,Node403
637546,Node404
639128,Node405
640710,Node406
642292,Node407
643874,Node408
645456,Node409
647038,Node410
648620,Node411
650202,Node412
651784,Node413
653366,Node414
654948,Node415
656530,Node416
658112,Node417
659694,Node418
661276,Node419
662858,Node420
664440,Node421
666022,Node422
667604,Node423
669186,Node424
670768,Node425
672350,Node426
673932,Node427
675514,Node428
677096,Node429
678678,Node430
680260,Node431
681842,Node432
683424,Node433
685006,Node434
686588,Node435
688170,Node436
689752,Node437
691334,Node438
692916,Node439
694498,Node440
696080,Node441
697662,Node442
699244,Node443
700826,Node444
702408,Node445
703990,Node446
705572,Node447
707154,Node448
708736,Node449
710318,Node450
711900,Node451
713482,Node452
715064,Node453
716646,Node454
718228,Node455
719810,Node456
721392,Node457
722974,Node458
724556,Node459
726138,Node460
727720,Node461
729302,Node462
730884,Node463
732466,Node464
734048,Node465
735630,Node466
737212,Node467
738794,Node468
740376,Node469
741958,Node470
743540,Node471
745122,Node472
746704,Node473
748286,Node474
749868,Node475
751450,Node476
753032,Node477
754614,Node478
756196,Node479
757778,Node480
759360,Node481
760942,Node482
762524,Node483
764106,Node484
765688,Node485
767270,Node486
768852,Node487
770434,Node488
772016,Node489
773598,Node490
775180,Node491
776762,Node492
778344,Node493
779926,Node494
781508,Node495
783090,Node496
784672,Node497
786254,Node498
787836,Node499
789418,Node500
